Workbook

Sheet Company_Master
A1: 1 | B1: Index | C1: COMPANY CODE | D1: Company Name | E1: Mobile No | H1: License Expiry Date | I1: Est. Card Expiry | J1: Echannel Ex Date | K1: DAM- EXP | L1: Company Echannel User Name | M1: Echannel Password
A2: 2 | B2: brother Company | C2: C-001 | D2: DESERT WAVES CLEANING SERVICES - L.L.C - S.P.C | E2: 569383341 | H2: 27-07-2026 | I2: 46600 | J2: 22-09-2026 | K2: - | L2: Desertwaves_cleaning@outlook.com | M2: Desert@123
A3: 3 | C3: C-002 | D3: DESERT WAVES COMMERCIAL BROKERS - L.L.C - S.P.C | E3: 569383341 | H3: 46169 | I3: 46902 | J3: 46153 | K3: - | L3: desertwavesbrokers@gmail.com | M3: Desertbrokers@2017
A4: 4 | C4: C-003 | D4: JTS Cosmetic Trading | E4: 569383341 | H4: 0 | I4: 0 | J4: 0 | L4: 0 | M4: 0
A5: 5 | C5: C-004 | D5: Modern Minimalistic | E5: 569383341 | H5: 1 | I5: 1 | J5: 1 | L5: 0 | M5: 0
A6: 6 | C6: C-005 | D6: Pie beauty | E6: 569383341 | H6: 2 | I6: 2 | J6: 2 | L6: 0 | M6: 0
A7: 7 | C7: C-006 | D7: Easy Style Ladies | E7: 569383341 | H7: 3 | I7: 3 | J7: 3 | L7: 0 | M7: 0
A8: 8 | C8: C-007 | D8: Barakh event Management | E8: 569383341 | H8: 4 | I8: 4 | J8: 4 | L8: 0 | M8: 0
A9: 9 | B9: Data | C9: C-008 | D9: DATTA GENERAL TRADING AND LABORATORY SUPPLIES - L.L.C - S.P.C | E9: 588675581 | H9: 46365 | I9: 47017 | J9: 46283 | L9: dattageneral786@gmail.com | M9: Aa@123456
A10: 10 | C10: C-009 | D10: DATTA BUKHARI RESTAURANT - L.L.C - O.P.C | E10: 588675581 | H10: 46084 | I10: 46876 | J10: 46115 | L10: dattabukharirestaurant@gmail.com | M10: Datta@2024
A11: 11 | C11: C-010 | D11: DATTA HUJWIRI RESTAURANT - L.L.C - S.P.C | E11: 588675581 | H11: 47335 | I11: 46484 | J11: 46334 | L11: Dattagtls@gmail.com | M11: Nabeel@123456
A12: 12 | B12: Kattans | C12: C-011 | D12: ROYAL KATTANS KITCHEN - L.L.C | E12: 553256699 | H12: 46234 | I12: 46921 | J12: 46171 | L12: auhkattans@gmail.com | M12: Aa@123456
A13: 13 | C13: C-012 | D13: ROYAL KATTAN KITCHEN -L.L.C BRANCH | E13: 553256699 | H13: 46453 | I13: 46941 | J13: 46365 | L13: SABKHACAFETERIAAUHBR3@GMAIL.COM | M13: Sabkha@2024
A14: 14 | C14: C-013 | D14: KATTANS CAFÉ L.L.C | E14: 553256699 | H14: 46210 | I14: 46340 | J14: 46510 | L14: nafinchalil72@gmail.com | M14: Tastytreat@2021
A15: 15 | C15: C-014 | D15: KATTANS CAFE L.L.C. - BRANCH | E15: 553256699 | H15: 46085 | I15: 28/03/2027 | J15: 15/01/2027 | L15: kattanscafellcbr1@gmail.com | M15: Kattans@23
A16: 16 | C16: C-015 | D16: Estorie Mobile Phone | E16: 553256699 | H16: 19/09/2028 | I16: 18-09-2027 | J16: 46285 | L16: estorie2023auh@gmail.com | M16: Aa@123456
A17: 17 | C17: C-016 | D17: Froied Chicken | E17: 553256699 | H17: 0 | I17: 0 | J17: 0 | L17: 0 | M17: 0
A18: 18 | B18: Way to Way | C18: C-017 | D18: WAY 2 WAY PASSENGER TRANSPORT BY RENTED BUSES - L.L.C - S.P.C | E18: 529910008 | H18: 46999 | I18: 47033 | J18: 46120 | L18: Way2waytransport2@gmail.com | M18: Aa@123456
A19: 19 | C19: C-018 | D19: WAY 2 WAY TOURS AND SAFARI - L.L.C - S.P.C | E19: 529910008 | H19: 46274 | I19: 46249 | J19: 46374 | L19: waywaypassanger@gmail.com | M19: Aa@123456
A20: 20 | C20: C-019 | D20: EURO ARAB TOURISM - L.L.C - O.P.C | E20: 552914478 | H20: 46392 | I20: 46124 | J20: 46218 | L20: euroarabtourism@gmail.com | M20: Aa@123456
A21: 21 | C21: C-020 | D21: WADI RENTAL EQUIPMENT CONSTRUCTION - L.L.C - S.P.C | E21: 565620211 | H21: 46084 | I21: 46348 | J21: 46107 | L21: wadirentalequipmentconstructio@gmail.com | M21: Wadi@2024
A22: 22 | C22: C-021 | D22: NEELAS LADIES BEAUTY SALOON - L.L.C - O.P.C | E22: 525863107 | H22: 46149 | I22: 46781 | J22: 46693 | L22: neelasbeautysalon@gmail.com | M22: Aa@123456
A23: 23 | C23: C-022 | D23: LE SIGNATURE MEATS - SOLE PROPRIETORSHIP L.L.C. | E23: 529425234 | H23: 09/05/2026 | I23: 46522 | J23: 46227 | L23: lesignature69@gmail.com | M23: Lesign@2024
A24: 24 | C24: C-023 | D24: AKCELLENCE TRANSPORT PASSENGER BY BUS - L.L.C | E24: 504430298 | H24: 16/07/2026 | I24: 47095 | J24: 46225 | L24: akcellencetransportcompany@gmail.com | M24: Aa@123456
A25: 25 | C25: C-024 | D25: TECHNO MART TRADING - SOLE PROPRIETORSHIP L.L.C. | E25: 504554979 | H25: 15/05/2026 | I25: 46772 | J25: 46392 | L25: tmtptllc@gmail.com | M25: Pipes@12
A26: 26 | C26: C-025 | D26: Haflas Baqala | E26: 504554979
A27: 27 | C27: C-026 | D27: Dazzling Mobile Car Wash | E27: 564893948
A28: 28 | C28: C-027 | D28: TOP SEA FRESH FISH - L.L.C | E28: 508503154 | H28: 15/08/2027 | I28: 47055 | J28: 46241 | L28: topseafreshfish@gmail.com | M28: Topsea123
A29: 29 | C29: C-028 | D29: TOPSEA ELECTROMECHANICAL WORKS AND MAINTENANCE - L.L.C | E29: 508503154 | H29: 46362 | I29: 46362 | J29: 46186 | L29: topsea.electromechanichal@gmail.com | M29: Aa@123456
A30: 30 | C30: C-029 | D30: T M GENERAL MAINTENANCE & PROPERTY - L.L.C - S.P.C | E30: 586444975 | H30: 19/07/2027 | I30: 46227 | J30: 46163 | L30: tmpropertiesmanagement@gmail.com | M30: Aa@123456
A31: 31 | C31: C-030 | D31: ILAMA FOODSTUFF TRADING - L.L.C - S.P.C | E31: 561536153 | H31: 46413 | I31: 47146 | J31: 46414
A32: 32 | C32: C-031 | D32: Al zawaya | E32: 566114212
A33: 33 | C33: C-032 | D33: FASTE AVENUE TRANSPORT - S.P.C-L.L.C | E33: 558303070 | H33: 46175 | I33: 46181 | J33: 46242
A34: 34 | C34: C-033 | D34: Fast Transport Dubai | E34: 558303070
A35: 35 | C35: C-034 | D35: AL NAJOUM EGG TRADING | E35: 509755044
A36: 36 | C36: C-035 | D36: XOFOZ INFORMATION TECHNOLOGY -L.L.C. SPC | E36: 554969832
A37: 37 | C37: C-036 | D37: Golden Falcon | E37: 501796869
A38: 38 | C38: C-037 | D38: SKILLSAFE TRAINING AND INSPECTION SERVICES -L.L.C - O.PC | E38: 508202367
A39: 39 | C39: C-038 | D39: DATA BOOKKEEPING AND ACCOUNTING SERVICES | E39: 504152759
A40: 40 | C40: C-039 | D40: Yemen saloon | E40: 502566613
A41: 41 | C41: C-040 | D41: KIRAT GENERAL TRANSPORT-L.L.C | E41: 564200495
A42: 42 | C42: C-041 | D42: Aictech | E42: 589631488
A43: 43 | C43: C-042 | D43: Prominent | E43: 504841852
A44: 44 | C44: C-043 | D44: Sterna World Delivery | E44: 558778861
A45: 45 | C45: C-044 | D45: Top Class Delivery | E45: 566625051
... A50: 50 | C50: C-049 | D50: Beardmen Saloon | E50: 565232359
A51: 51 | C51: C-050 | D51: POPULAR LOGISTICS SERVICES - L.L.C - O.P.C | H51: 46353 | I51: 46488 | J51: 46404 | L51: naspopularcargo786@gmail.com | M51: Aa@123456
A52: 52 | C52: C-051 | D52: ROYAL DELUXE GENERAL TRANSPORTING - L.L.C - S.P.C
A53: 53 | C53: C-052 | D53: Pearl Experience
A54: 54 | C54: C-053 | D54: Linkcore
A55: 55 | C55: C-054 | D55: HEXA GENERAL MAINTENANCE - L.L.C - S.P.C | H55: 46332 | I55: 46409 | J55: 46386 | L55: hexageneralmaintenance1@gmail.com | M55: Aa@123456
A56: 56 | C56: C-055 | D56: Sadiq Poli Clinic
A57: 57 | C57: C-056 | D57: MARDAN MEDICAL CENTER S.P.C - L.L.C
A58: 58 | C58: C-057 | D58: NOOR AL SHIFA PHARMACY
A59: 59 | C59: C-058 | D59: STAR MAC- SHEIKH MAJID
A60: 60 | C60: C-059 | D60: PRISM TECHNOLOGY SECURITY SOLUTIONS - L.L.C - S.P.C | E60: 582721000
A61: 61 | C61: C-060 | D61: SUPER FACILITIES MANAGEMENT - L.L.C - S.P.C | E61: 582721000
A62: 62 | C62: C-061 | D62: SILVER STONE BAQALA
A63: 63 | C63: C-062 | D63: TOP OF TOP ANTONY
A64: 64 | C64: C-063 | D64: ALFAS FOOD STUFF
A65: 65 | C65: C-064 | D65: BEFIX MAINTENANCY
A66: 66 | C66: C-065 | D66: HIGH DÉCOR GENERAL
A67: 67 | C67: C-066 | D67: BODY BUILDING
A68: 68 | C68: C-067 | D68: MY CUT GENTS SALOON
A69: 69 | C69: C-068 | D69: SHAHEEN EXPRESS
A70: 70 | C70: C-069 | D70: TARIQ COMPANY
A71: 71 | C71: C-070 | D71: UDHAYAM TAMIL
A72: 72 | C72: C-071 | D72: ITRAT COMPUTERS
A73: 73 | C73: C-072 | D73: PACHA MANGA
... A77: 77 | C77: C-076 | D77: TEAM SECURE
A78: 78 | C78: C-077 | D78: ALFA STRONG TEA RESTAURANT - L.L.C - BRANCH | H78: 46150 | I78: 46516 | J78: 46371 | L78: alfastrongteabranch12@gmail.com | M78: Aa@123456
A79: 79 | C79: C-078 | D79: DHODA KOHAT
A80: 80 | C80: C-079 | D80: FRESH AND FINE
A81: 81 | C81: C-080 | D81: MID NIGHT SAFARI AND TOURS
A82: 82 | C82: C-081 | D82: AL NARJIS
A83: 83 | C83: C-082 | D83: RED EAGLE
A84: 84 | C84: C-083 | D84: AL MANHAL COSMETICS
A85: 85 | C85: C-084 | D85: POPULAR CHARCOAL TRADING
A86: 86 | C86: C-085 | D86: MADAL AL BUNYIA
A87: 87 | C87: C-086 | D87: GREEN CORNER CAFETERIA SPC L L C
A88: 88 | C88: C-087 | D88: DELUX TEA
A89: 89 | C89: C-088 | D89: AL MUBARAQ BAQALA
A90: 90 | C90: C-089 | D90: AL ABRIQ
... A114: 114 | C114: C-113 | D114: METADOX
A115: 115 | C115: C-114 | D115: MOHAMED MOHIN | E115: D
A116: 116 | C116: C-115 | D116: LIMRA MOVES
A117: 117 | C117: C-116 | D117: ORCHID
A118: 118 | C118: C-117 | D118: AZADI FACILITY - NEW (MIRAI ENG)
A119: 119 | C119: C-118 | D119: THUMBI BAQALA
A120: 120 | C120: C-119 | D120: KASAB GENTS SALOON
A121: 121 | C121: C-120 | D121: FLEXFIT MANS FITNESS CLUB
A122: 122 | C122: C-121 | D122: IZWA FRUITS AND VEGETABLES.L.L.C - O.P.C
A123: 123 | C123: C-122 | D123: FAISAL ARTS AND BRANCH
A124: 124 | C124: C-123 | D124: CAPITAL VIEW
A125: 125 | C125: C-124 | D125: FRESH AND DEAL FOOS STUFF
A126: 126 | C126: C-125 | D126: GREAT PACHA MANGA
A127: 127 | C127: C-126 | D127: WHITE SQUARE - BELLARD
... A249: 249 | C249: C-248 | D249: TOP
C250: C-249 | D250: CHATTAGRAM GENERAL TRANSPORT -L.L.C -S.PC
C251: C-250 | D251: CENTURY EXPRESS FREIGHT SERVICE L.L.C
...

Sheet Employee_Master
A1: Sl No | B1: COMPANY NO | C1: COMPANY NAME | D1: Emirates ID | E1: Name | F1: LC CARD NO | G1: Labour Expiry Date | H1: ID expiry Date | I1: Daman Expiry Date | J1: Column1 | K1: Column2
A2: 1 | B2: =Company_Master!C2 -> C-001 | C2: =INDEX(Com_Scr!C:C,MATCH(Employee_Master!B:B,Com_Scr!B:B)) -> DESERT WAVES CLEANING SERVICES - L.L.C - S.P.C | D2: 784196504047612 | E2: MARIA THERESA DE LUNA LEDESMA | F2: 136762071 | G2: 46838 | H2: 46817 | I2: Company
A3: 2 | B3: =Company_Master!C2 -> C-001 | C3: =INDEX(Com_Scr!C:C,MATCH(Employee_Master!B:B,Com_Scr!B:B)) -> DESERT WAVES CLEANING SERVICES - L.L.C - S.P.C | D3: 784197808517540 | E3: MARY ANN LORETO CATIBOG | F3: 137448310 | G3: 46834 | H3: 46836 | I3: Company
A4: 3 | B4: =Company_Master!C2 -> C-001 | C4: =INDEX(Com_Scr!C:C,MATCH(Employee_Master!B:B,Com_Scr!B:B)) -> DESERT WAVES CLEANING SERVICES - L.L.C - S.P.C | D4: 784197079326860 | E4: ALICIA VIKKAMOR ALEGRE | F4: 135286381 | G4: 46765 | H4: 46769 | I4: Company
A5: 4 | B5: C-001 | C5: =INDEX(Com_Scr!C:C,MATCH(Employee_Master!B:B,Com_Scr!B:B)) -> DESERT WAVES CLEANING SERVICES - L.L.C - S.P.C | D5: 784197153038258 | E5: IRENE MONDOZA ANARCON | F5: 131163975 | G5: 46670 | H5: 46653 | I5: Company
A6: 5 | B6: C-001 | C6: =INDEX(Com_Scr!C:C,MATCH(Employee_Master!B:B,Com_Scr!B:B)) -> DESERT WAVES CLEANING SERVICES - L.L.C - S.P.C | D6: 784199076043175 | E6: MICAH LARISMA MAGPANTAY | F6: 136711384 | G6: 46817 | H6: 46814 | I6: Company
A7: 6 | B7: C-001 | C7: =INDEX(Com_Scr!C:C,MATCH(Employee_Master!B:B,Com_Scr!B:B)) -> DESERT WAVES CLEANING SERVICES - L.L.C - S.P.C | D7: 784197409092570 | E7: DZHAMILIA KURTANOVA | F7: 132793948 | G7: 46698 | H7: 46702 | I7: Company
A8: 7 | B8: C-001 | C8: =INDEX(Com_Scr!C:C,MATCH(Employee_Master!B:B,Com_Scr!B:B)) -> DESERT WAVES CLEANING SERVICES - L.L.C - S.P.C | D8: 784197061647547 | E8: MACARIA BAHIA DELOS REYES | F8: 132793948 | G8: 47064 | H8: 46665 | I8: Company
A9: 8 | B9: C-001 | C9: =INDEX(Com_Scr!C:C,MATCH(Employee_Master!B:B,Com_Scr!B:B)) -> DESERT WAVES CLEANING SERVICES - L.L.C - S.P.C | D9: 784198739682858 | E9: MIGUEL RICARDO BANTIGUE SUAREZ | F9: 139214754 | G9: 46634 | H9: 46598 | I9: Company
A10: 9 | B10: C-001 | C10: =INDEX(Com_Scr!C:C,MATCH(Employee_Master!B:B,Com_Scr!B:B)) -> DESERT WAVES CLEANING SERVICES - L.L.C - S.P.C | D10: 784198995296179 | E10: RECHELLE VINUYA ESPENIDA | F10: 114255725 | G10: 46129 | H10: 46150 | I10: Company
A11: 10 | B11: C-001 | C11: =INDEX(Com_Scr!C:C,MATCH(Employee_Master!B:B,Com_Scr!B:B)) -> DESERT WAVES CLEANING SERVICES - L.L.C - S.P.C | D11: 784197770206437 | E11: ANNA ROCHELLE BAUTISTA FILLE | F11: 131263621 | G11: 46670 | H11: 46658 | I11: Company
A12: 11 | B12: C-001 | C12: =INDEX(Com_Scr!C:C,MATCH(Employee_Master!B:B,Com_Scr!B:B)) -> DESERT WAVES CLEANING SERVICES - L.L.C - S.P.C | D12: 784198913696302 | E12: ERNIELITO ESPERANZA ALAGER | F12: 115100002 | G12: 46139 | H12: 46151 | I12: Company
A13: 12 | B13: C-001 | C13: =INDEX(Com_Scr!C:C,MATCH(Employee_Master!B:B,Com_Scr!B:B)) -> DESERT WAVES CLEANING SERVICES - L.L.C - S.P.C | D13: 784196974146092 | E13: IRMA MACALLA LOZADA | F13: 133237182 | G13: 46713 | H13: 46716 | I13: Company
A14: 13 | B14: C-001 | C14: =INDEX(Com_Scr!C:C,MATCH(Employee_Master!B:B,Com_Scr!B:B)) -> DESERT WAVES CLEANING SERVICES - L.L.C - S.P.C | D14: 784199092483843 | E14: NOORMOHAMMED OTTITI HAMSA HAMSA OTTIRI | F14: 118623204 | G14: 46303 | H14: 46305 | I14: Company
A15: 14 | B15: C-001 | C15: =INDEX(Com_Scr!C:C,MATCH(Employee_Master!B:B,Com_Scr!B:B)) -> DESERT WAVES CLEANING SERVICES - L.L.C - S.P.C | D15: 784198659209609 | E15: KAREN TEJADA JORLUCAS | F15: 136182939 | G15: 46796 | H15: 46796 | I15: Company
A16: 15 | B16: C-001 | C16: =INDEX(Com_Scr!C:C,MATCH(Employee_Master!B:B,Com_Scr!B:B)) -> DESERT WAVES CLEANING SERVICES - L.L.C - S.P.C | D16: 784198665153833 | E16: MARY GRACE DE JESUS RAMIREZ | F16: 118433175 | G16: 46296 | H16: 46183 | I16: Company
... A20: 19 | B20: C-001 | C20: =INDEX(Com_Scr!C:C,MATCH(Employee_Master!B:B,Com_Scr!B:B)) -> DESERT WAVES CLEANING SERVICES - L.L.C - S.P.C | D20: 784198691894301 | E20: MADINA RUZIMURATOVNA SHAPULATOVA | F20: 136500210 | G20: 46817 | H20: 46806 | I20: Company
A21: 20 | B21: C-002 | C21: =INDEX(Com_Scr!C:C,MATCH(Employee_Master!B:B,Com_Scr!B:B)) -> DESERT WAVES COMMERCIAL BROKERS - L.L.C - S.P.C | D21: 784198061083063 | E21: MARLON GUINTO GAPAY | F21: 121770458 | G21: 46389 | H21: 46772
A22: 21 | B22: C-002 | C22: =INDEX(Com_Scr!C:C,MATCH(Employee_Master!B:B,Com_Scr!B:B)) -> DESERT WAVES COMMERCIAL BROKERS - L.L.C - S.P.C | D22: 784197796391494 | E22: JENEVIE OFRANCIA MECADO | F22: 120930393 | G22: 46376 | H22: 46378
A23: 22 | B23: C-002 | C23: =INDEX(Com_Scr!C:C,MATCH(Employee_Master!B:B,Com_Scr!B:B)) -> DESERT WAVES COMMERCIAL BROKERS - L.L.C - S.P.C | D23: 784199448620965 | E23: SANTHOSHI RANA MAGAR | F23: 129643861 | G23: 46611 | H23: 46620
A24: 23 | B24: C-002 | C24: =INDEX(Com_Scr!C:C,MATCH(Employee_Master!B:B,Com_Scr!B:B)) -> DESERT WAVES COMMERCIAL BROKERS - L.L.C - S.P.C | D24: 784199346478896 | E24: ESAM ALY ABDUL | F24: 135808704 | G24: 46779 | H24: 46782
A25: 24 | B25: C-002 | C25: =INDEX(Com_Scr!C:C,MATCH(Employee_Master!B:B,Com_Scr!B:B)) -> DESERT WAVES COMMERCIAL BROKERS - L.L.C - S.P.C | D25: 784198892621537 | E25: JOVANE LABON ESPINO | F25: 135173825 | G25: 46745 | H25: 46760
A26: 25 | B26: C-002 | C26: =INDEX(Com_Scr!C:C,MATCH(Employee_Master!B:B,Com_Scr!B:B)) -> DESERT WAVES COMMERCIAL BROKERS - L.L.C - S.P.C | D26: 784199434455897 | E26: ANAS EYAD AHMAD NAZZAL | F26: 120780226 | G26: 46380 | H26: 46371
A27: 26 | B27: C-002 | C27: =INDEX(Com_Scr!C:C,MATCH(Employee_Master!B:B,Com_Scr!B:B)) -> DESERT WAVES COMMERCIAL BROKERS - L.L.C - S.P.C | D27: 784198460978426 | E27: DENNIS GLORIOSO LORENZO | F27: 121770458 | G27: 46389 | H27: 46399
A28: 27 | B28: C-002 | C28: =INDEX(Com_Scr!C:C,MATCH(Employee_Master!B:B,Com_Scr!B:B)) -> DESERT WAVES COMMERCIAL BROKERS - L.L.C - S.P.C | D28: 784198814707018 | E28: MARISSA PALISOC GOLETA | F28: 114289767 | G28: 46151 | H28: 46154
A29: 28 | B29: C-002 | C29: =INDEX(Com_Scr!C:C,MATCH(Employee_Master!B:B,Com_Scr!B:B)) -> DESERT WAVES COMMERCIAL BROKERS - L.L.C - S.P.C | D29: 784198470959499 | E29: RANDELL ESPENILLA BALGOS | F29: 123204860 | G29: 46426 | H29: 46432
A30: 29 | B30: C-002 | C30: =INDEX(Com_Scr!C:C,MATCH(Employee_Master!B:B,Com_Scr!B:B)) -> DESERT WAVES COMMERCIAL BROKERS - L.L.C - S.P.C | D30: 784198524203217 | E30: DANNA ROGEL CONDE | F30: 134711840 | G30: 46698 | H30: 46746
A31: 30 | B31: C-002 | C31: =INDEX(Com_Scr!C:C,MATCH(Employee_Master!B:B,Com_Scr!B:B)) -> DESERT WAVES COMMERCIAL BROKERS - L.L.C - S.P.C | D31: 784198616042069 | E31: AGNES QUIN SARGADO | F31: 134521243 | G31: 46726 | H31: 46752
A32: 31 | B32: C-002 | C32: =INDEX(Com_Scr!C:C,MATCH(Employee_Master!B:B,Com_Scr!B:B)) -> DESERT WAVES COMMERCIAL BROKERS - L.L.C - S.P.C | D32: 784198470350285 | E32: RACHEL BENEDICTO CRUZ | F32: 133573686 | G32: 46732 | H32: 46726
... A43: 42 | B43: C-002 | C43: =INDEX(Com_Scr!C:C,MATCH(Employee_Master!B:B,Com_Scr!B:B)) -> DESERT WAVES COMMERCIAL BROKERS - L.L.C - S.P.C | D43: 784198065991162 | E43: ROEL REYES EVANGELISTA | F43: 117182857 | G43: 46247 | H43: 46259
A44: 43 | B44: C-008 | C44: =INDEX(Com_Scr!C:C,MATCH(Employee_Master!B:B,Com_Scr!B:B)) -> DATTA GENERAL TRADING AND LABORATORY SUPPLIES - L.L.C - S.P.C | D44: 784200123136606 | E44: JUSTIN CANTA ESCALA | F44: 131990426 | G44: 46657 | H44: 46772 | J44: PART TIME
A45: 44 | B45: C-008 | C45: =INDEX(Com_Scr!C:C,MATCH(Employee_Master!B:B,Com_Scr!B:B)) -> DATTA GENERAL TRADING AND LABORATORY SUPPLIES - L.L.C - S.P.C | D45: 784199764523116 | E45: MARK ANTHONY ARANDELA ACOSTA | F45: 131990416 | G45: 46815 | H45: 46378
A46: 45 | B46: C-008 | C46: =INDEX(Com_Scr!C:C,MATCH(Employee_Master!B:B,Com_Scr!B:B)) -> DATTA GENERAL TRADING AND LABORATORY SUPPLIES - L.L.C - S.P.C | D46: 784197661594768 | E46: GINHAWA TALPLACIDO ACOSTA | F46: 137524570 | G46: 46657 | H46: 46620
A47: 46 | B47: C-008 | C47: =INDEX(Com_Scr!C:C,MATCH(Employee_Master!B:B,Com_Scr!B:B)) -> DATTA GENERAL TRADING AND LABORATORY SUPPLIES - L.L.C - S.P.C | D47: 784198735750279 | E47: AQEEL AHMED MUHAMMAD SIDDIQUE | F47: 116359557 | G47: 46225 | H47: GOLDEN
A48: 47 | B48: C-009 | C48: =INDEX(Com_Scr!C:C,MATCH(Employee_Master!B:B,Com_Scr!B:B)) -> DATTA BUKHARI RESTAURANT - L.L.C - O.P.C | D48: 784198241913080 | E48: ERMAWATI BT CUCU SURYADI BASON | F48: 118673455 | G48: 46304 | H48: 46327
A49: 48 | B49: C-009 | C49: =INDEX(Com_Scr!C:C,MATCH(Employee_Master!B:B,Com_Scr!B:B)) -> DATTA BUKHARI RESTAURANT - L.L.C - O.P.C | D49: 784200060808274 | E49: DANISH IDREES MUHAMMAD IDREES QAZI | F49: 126935911 | G49: 46539 | H49: 46584
A50: 49 | B50: C-009 | C50: =INDEX(Com_Scr!C:C,MATCH(Employee_Master!B:B,Com_Scr!B:B)) -> DATTA BUKHARI RESTAURANT - L.L.C - O.P.C | D50: 784198784614053 | E50: ARIANE VILLAFLOR OCO | F50: 130639640 | G50: 46639 | H50: 46652
A51: 50 | B51: C-009 | C51: =INDEX(Com_Scr!C:C,MATCH(Employee_Master!B:B,Com_Scr!B:B)) -> DATTA BUKHARI RESTAURANT - L.L.C - O.P.C | D51: 784198580960239 | E51: NISAR HABIB MUHAMMAD SIDDIQUE ANJUM | F51: 117903164 | G51: 46280 | H51: 46288
A52: 51 | B52: C-009 | C52: =INDEX(Com_Scr!C:C,MATCH(Employee_Master!B:B,Com_Scr!B:B)) -> DATTA BUKHARI RESTAURANT - L.L.C - O.P.C | D52: 784199328580313 | E52: MAHMOUD ABDELNASER AHMED MOUSTAFA | F52: 119834812 | G52: 46337 | H52: 46343
A53: 52 | B53: C-009 | C53: =INDEX(Com_Scr!C:C,MATCH(Employee_Master!B:B,Com_Scr!B:B)) -> DATTA BUKHARI RESTAURANT - L.L.C - O.P.C | D53: 784200159632866 | E53: RAJU B K | F53: 115047636 | G53: 46178 | H53: 46180
A54: 53 | B54: C-009 | C54: =INDEX(Com_Scr!C:C,MATCH(Employee_Master!B:B,Com_Scr!B:B)) -> DATTA BUKHARI RESTAURANT - L.L.C - O.P.C | D54: 784199740355690 | E54: RAM BAHADUR BISWAKARMA | F54: 119645105 | G54: 46185 | H54: 46198
A55: 54 | B55: C-011 | C55: =INDEX(Com_Scr!C:C,MATCH(Employee_Master!B:B,Com_Scr!B:B)) -> ROYAL KATTANS KITCHEN - L.L.C | D55: 784196575612936 | E55: KUBAD UDDIN FAZLUR RAHMAN | F55: 132218708 | G55: 46686 | H55: 46690 | J55: PART TIME PROVIDE
A56: 55 | B56: C-011 | C56: =INDEX(Com_Scr!C:C,MATCH(Employee_Master!B:B,Com_Scr!B:B)) -> ROYAL KATTANS KITCHEN - L.L.C | D56: 784199252644788 | E56: DINESH KUMER SELVARAJ | F56: 131506775 | G56: 46517 | H56: 46669 | J56: PART TIME PROVIDE
A57: 56 | B57: C-011 | C57: =INDEX(Com_Scr!C:C,MATCH(Employee_Master!B:B,Com_Scr!B:B)) -> ROYAL KATTANS KITCHEN - L.L.C | D57: 784200611586767 | E57: SIDHIQUL AKBAR SAJAD BIN SAINUDEEN KZ | F57: 133934989 | G57: 46736 | H57: 46743
A58: 57 | B58: C-011 | C58: =INDEX(Com_Scr!C:C,MATCH(Employee_Master!B:B,Com_Scr!B:B)) -> ROYAL KATTANS KITCHEN - L.L.C | D58: - | E58: SOUKATH ALI BALLOOR ABDULLAKUNHI ABDULLA KUNHI | F58: 134515295 | G58: 46385 | H58: PART TIME
A59: 58 | B59: C-011 | C59: =INDEX(Com_Scr!C:C,MATCH(Employee_Master!B:B,Com_Scr!B:B)) -> ROYAL KATTANS KITCHEN - L.L.C | D59: - | E59: MUHAMMED MUSTHAFA CHENATHUKATTIL MUHAMMED | F59: 134720525 | G59: 46389 | H59: PART TIME
A60: 59 | B60: C-011 | C60: =INDEX(Com_Scr!C:C,MATCH(Employee_Master!B:B,Com_Scr!B:B)) -> ROYAL KATTANS KITCHEN - L.L.C | D60: - | E60: MUHAMMED ANVARSHA SHAJAHAN SHAJAHAN MUHAMMED ISMAIL | F60: 134941495 | G60: 46212 | H60: PART TIME
A61: 60 | B61: C-011 | C61: =INDEX(Com_Scr!C:C,MATCH(Employee_Master!B:B,Com_Scr!B:B)) -> ROYAL KATTANS KITCHEN - L.L.C | D61: - | E61: RASHID POOVATHINIKKAL MOIDEEN KUNHALI | F61: 134941495 | G61: 46191 | H61: PART TIME
A62: 61 | B62: C-011 | C62: =INDEX(Com_Scr!C:C,MATCH(Employee_Master!B:B,Com_Scr!B:B)) -> ROYAL KATTANS KITCHEN - L.L.C | D62: 784197874471119 | E62: AYOOB PALLATH BAKUTTY PALLATH | F62: 134110054 | G62: 46814 | H62: 46864
A63: 62 | B63: C-011 | C63: =INDEX(Com_Scr!C:C,MATCH(Employee_Master!B:B,Com_Scr!B:B)) -> ROYAL KATTANS KITCHEN - L.L.C | D63: 784200556810206 | E63: MD ASRAF MD HABIB | F63: 135059938 | G63: 46768 | H63: 46775
A64: 63 | B64: C-011 | C64: =INDEX(Com_Scr!C:C,MATCH(Employee_Master!B:B,Com_Scr!B:B)) -> ROYAL KATTANS KITCHEN - L.L.C | D64: 784199064665500 | E64: AKHIL ANTONY SEBASTIAN ANTONY | F64: 135059521 | G64: 46768 | H64: 46781
A65: 64 | B65: C-011 | C65: =INDEX(Com_Scr!C:C,MATCH(Employee_Master!B:B,Com_Scr!B:B)) -> ROYAL KATTANS KITCHEN - L.L.C | D65: 784197443205188 | E65: SHABU MOHAMMED HANEEFA MOHAMMED HANEEFA | F65: 135333516 | G65: 46772 | H65: 46780
A66: 65 | B66: C-011 | C66: =INDEX(Com_Scr!C:C,MATCH(Employee_Master!B:B,Com_Scr!B:B)) -> ROYAL KATTANS KITCHEN - L.L.C | D66: 784200228254080 | E66: MANWAR ALAM THAJEMUL ALAM | F66: 134868135 | G66: 46761 | H66: 46775
A67: 66 | B67: C-011 | C67: =INDEX(Com_Scr!C:C,MATCH(Employee_Master!B:B,Com_Scr!B:B)) -> ROYAL KATTANS KITCHEN - L.L.C | D67: HUSBAND | E67: FOUSIYA MOHAMMED KOYA FAISAL FAISAL MOHAMMED KOYA | F67: 134211939 | G67: 46742 | H67: HUSBAND VISA
A68: 67 | B68: C-012 | C68: =INDEX(Com_Scr!C:C,MATCH(Employee_Master!B:B,Com_Scr!B:B)) -> ROYAL KATTAN KITCHEN -L.L.C BRANCH | D68: 784200498490711 | E68: MISHAB KODIYANTE PURAKKAL ASLAM | F68: 119289547 | G68: 46322 | H68: 46337 | J68: PART TIME
A69: 68 | B69: C-012 | C69: =INDEX(Com_Scr!C:C,MATCH(Employee_Master!B:B,Com_Scr!B:B)) -> ROYAL KATTAN KITCHEN -L.L.C BRANCH | D69: 784199064665500 | E69: MOHAMMED JASIL THITHEERATHINTE PARAKKAL | F69: 117447062 | G69: 46262
A70: 69 | B70: C-012 | C70: =INDEX(Com_Scr!C:C,MATCH(Employee_Master!B:B,Com_Scr!B:B)) -> ROYAL KATTAN KITCHEN -L.L.C BRANCH | D70: 784197443205188 | E70: AJMAL CHOKKIDINTE PURAKKAL KUNHIMON CHOKKIDINTE PURAKKAL | F70: 117447061 | G70: 46262
A71: 70 | B71: C-012 | C71: =INDEX(Com_Scr!C:C,MATCH(Employee_Master!B:B,Com_Scr!B:B)) -> ROYAL KATTAN KITCHEN -L.L.C BRANCH | D71: 784200228254080 | E71: ABDUL NASAR KANNAMTHODI KAVANNA MOHAMMED BAPU | F71: 136756131 | G71: 46815
A72: 71 | B72: C-012 | C72: =INDEX(Com_Scr!C:C,MATCH(Employee_Master!B:B,Com_Scr!B:B)) -> ROYAL KATTAN KITCHEN -L.L.C BRANCH | D72: 784199756393684 | E72: AJITH KUMAR MUTHU MUTHU | F72: 137706083 | G72: 46851 | H72: 46867
A73: 72 | B73: C-012 | C73: =INDEX(Com_Scr!C:C,MATCH(Employee_Master!B:B,Com_Scr!B:B)) -> ROYAL KATTAN KITCHEN -L.L.C BRANCH | D73: 784199892059876 | E73: AMIR HUSSAIN ABDUL MANIK | F73: 137288888 | G73: 46835 | H73: 46841
A74: 73 | B74: C-012 | C74: =INDEX(Com_Scr!C:C,MATCH(Employee_Master!B:B,Com_Scr!B:B)) -> ROYAL KATTAN KITCHEN -L.L.C BRANCH | D74: 784197803708391 | E74: NASAR VANIYAN KANDY KUNHAMMED PUTHIYA PURAYIL | F74: 137345594 | G74: 46137 | H74: 46187
A75: 74 | B75: C-013 | C75: =INDEX(Com_Scr!C:C,MATCH(Employee_Master!B:B,Com_Scr!B:B)) -> KATTANS CAFÉ L.L.C | E75: MOHAMMED BOLAI MIA MOHAMMED LULU MIA | F75: 127645158 | G75: 46192 | H75: PART TIME
A76: 75 | B76: C-013 | C76: =INDEX(Com_Scr!C:C,MATCH(Employee_Master!B:B,Com_Scr!B:B)) -> KATTANS CAFÉ L.L.C | D76: 784198646069256 | E76: SHIHAB PANDATH KUNHIMON THONI KKADAYIL | F76: 131590739 | G76: 46673 | H76: 46714 | J76: PART TIME
A77: 76 | B77: C-013 | C77: =INDEX(Com_Scr!C:C,MATCH(Employee_Master!B:B,Com_Scr!B:B)) -> KATTANS CAFÉ L.L.C | D77: 784197951619804 | E77: MUHAMMED ASHARAF PUTHIYA PURAYIL THAZHEM ABDUL RAHIMAN | F77: 129906241 | G77: 46619 | H77: 46633 | J77: PART TIME
A78: 77 | B78: C-013 | C78: =INDEX(Com_Scr!C:C,MATCH(Employee_Master!B:B,Com_Scr!B:B)) -> KATTANS CAFÉ L.L.C | D78: 784198829817612 | E78: MUHAMMAD POOKOTTU MEETHAL ABDURAHIMAN | F78: 137192612 | G78: 46830 | H78: 46867
A79: 78 | B79: C-013 | C79: =INDEX(Com_Scr!C:C,MATCH(Employee_Master!B:B,Com_Scr!B:B)) -> KATTANS CAFÉ L.L.C | D79: 784199454284607 | E79: VISHNU UDAYAN UDAYAN KRISHNA PILLAI | F79: 136719243 | G79: 46814 | H79: 46867
A80: 79 | B80: C-013 | C80: =INDEX(Com_Scr!C:C,MATCH(Employee_Master!B:B,Com_Scr!B:B)) -> KATTANS CAFÉ L.L.C | D80: 784198068305089 | E80: NISAMUDHEEN PARAMBIL ABOOBACKER PARAMBIL | F80: 118636059 | G80: 46303 | H80: 46324 | J80: PART TIME
A81: 80 | B81: C-013 | C81: =INDEX(Com_Scr!C:C,MATCH(Employee_Master!B:B,Com_Scr!B:B)) -> KATTANS CAFÉ L.L.C | D81: 258673595 | E81: MUTHU RAJA PARAMASIVAM PARAMASIVAM | F81: 136719246 | G81: 46814 | H81: 46864
A82: 81 | B82: C-013 | C82: =INDEX(Com_Scr!C:C,MATCH(Employee_Master!B:B,Com_Scr!B:B)) -> KATTANS CAFÉ L.L.C | D82: 784199060757699 | E82: RAJENDRA SINGH SHER SINGH | F82: 117346807 | G82: 46259 | H82: 46273
A83: 82 | B83: C-013 | C83: =INDEX(Com_Scr!C:C,MATCH(Employee_Master!B:B,Com_Scr!B:B)) -> KATTANS CAFÉ L.L.C | D83: 784199394400412 | E83: SURESH SELVARAJ SELVAREJ | F83: 131360217 | G83: 46660 | H83: 46683
A84: 83 | B84: C-013 | C84: =INDEX(Com_Scr!C:C,MATCH(Employee_Master!B:B,Com_Scr!B:B)) -> KATTANS CAFÉ L.L.C | D84: 784200225233921 | E84: BIKASH SARKAR SRIRUP SARKAR | F84: 136124919 | G84: 46773 | H84: 46793
A85: 84 | B85: C-013 | C85: =INDEX(Com_Scr!C:C,MATCH(Employee_Master!B:B,Com_Scr!B:B)) -> KATTANS CAFÉ L.L.C | D85: 784198873914737 | E85: PREM BAHADUR BADH | F85: 135627699 | G85: 46766 | H85: 46767 | J85: PARTTIME
A86: 85 | B86: C-013 | C86: =INDEX(Com_Scr!C:C,MATCH(Employee_Master!B:B,Com_Scr!B:B)) -> KATTANS CAFÉ L.L.C | D86: 784198160539148 | E86: SHAMSU MUNDATHATON MAMMOOTTY NARON | F86: 124419746 | G86: 46413 | H86: 46443 | J86: PARTTIME
A87: 86 | B87: C-013 | C87: =INDEX(Com_Scr!C:C,MATCH(Employee_Master!B:B,Com_Scr!B:B)) -> KATTANS CAFÉ L.L.C | D87: 784197349379715 | E87: KUPPUSAMY THANGARAJ | F87: 135424995 | G87: 46706 | H87: 46768
A88: 87 | B88: C-013 | C88: =INDEX(Com_Scr!C:C,MATCH(Employee_Master!B:B,Com_Scr!B:B)) -> KATTANS CAFÉ L.L.C | D88: 784197313970630 | E88: MUSTHAFA VATTKANDIYIL AMMAD | F88: 123908384 | G88: 46413 | H88: 46459
A89: 88 | B89: C-013 | C89: =INDEX(Com_Scr!C:C,MATCH(Employee_Master!B:B,Com_Scr!B:B)) -> KATTANS CAFÉ L.L.C | D89: 784197926203023 | E89: MUHAMMAD FAROOK SEYDHULAPTHEEN | F89: 135846399 | G89: 46767 | H89: 46779
A90: 89 | B90: C-013 | C90: =INDEX(Com_Scr!C:C,MATCH(Employee_Master!B:B,Com_Scr!B:B)) -> KATTANS CAFÉ L.L.C | D90: 784199732348356 | E90: HUSSAIN PUTHIYA PURAYIL SADULI NAROTH | F90: 135771204 | G90: 46732 | H90: 46761
A91: 90 | B91: C-013 | C91: =INDEX(Com_Scr!C:C,MATCH(Employee_Master!B:B,Com_Scr!B:B)) -> KATTANS CAFÉ L.L.C | D91: 784199966641385 | E91: ABDUL RAHOOF VATTA PARAMBIL ABDUL RAZAQ VATTA PARAMBIL | F91: 126315632 | G91: 46462 | H91: 46503
A92: 91 | B92: C-013 | C92: =INDEX(Com_Scr!C:C,MATCH(Employee_Master!B:B,Com_Scr!B:B)) -> KATTANS CAFÉ L.L.C | D92: 784198195490911 | E92: FAISAL VAZHACHAL ABDUL KADER THIKKODICHINTAVIDA | F92: 124919132 | G92: 46427 | H92: 46459 | J92: PART TIME
A93: 92 | B93: C-013 | C93: =INDEX(Com_Scr!C:C,MATCH(Employee_Master!B:B,Com_Scr!B:B)) -> KATTANS CAFÉ L.L.C | D93: 784198521832570 | E93: IBRAHIM MOHAMMED KATTIL EBRAHIM MOHAMMED | F93: 127337522 | G93: 46493 | H93: 46551
A94: 93 | B94: C-013 | C94: =INDEX(Com_Scr!C:C,MATCH(Employee_Master!B:B,Com_Scr!B:B)) -> KATTANS CAFÉ L.L.C | D94: 784197875953818 | E94: MANISEKARAN MAYALAGU | F94: 124934947 | G94: 46426 | H94: 46459
A95: 94 | B95: C-013 | C95: =INDEX(Com_Scr!C:C,MATCH(Employee_Master!B:B,Com_Scr!B:B)) -> KATTANS CAFÉ L.L.C | D95: 784197872547159 | E95: MUHAMMED ASHRAF KUTTIPURAVAN MOIDU KUTTIPPURAVAN | F95: 128718504 | G95: 46525 | H95: 46556
A96: 95 | B96: C-013 | C96: =INDEX(Com_Scr!C:C,MATCH(Employee_Master!B:B,Com_Scr!B:B)) -> KATTANS CAFÉ L.L.C | D96: 784200075629418 | E96: SABIR SEKH KUDDUS SEKH | F96: 124572088 | G96: 46413 | H96: 46459 | J96: PART TIME
A97: 96 | B97: C-013 | C97: =INDEX(Com_Scr!C:C,MATCH(Employee_Master!B:B,Com_Scr!B:B)) -> KATTANS CAFÉ L.L.C | D97: 784198042542658 | E97: SHAMNAD SHALUDEEN | F97: 124935283 | G97: 46432 | H97: 46459
A98: 97 | B98: C-014 | C98: =INDEX(Com_Scr!C:C,MATCH(Employee_Master!B:B,Com_Scr!B:B)) -> KATTANS CAFE L.L.C. - BRANCH | D98: - | E98: RAJIB HUSSAIN SOFIQUE MIA | F98: 127687085 | G98: 46195 | K98: 132572854 | L98: 46331
A99: 98 | B99: C-014 | C99: =INDEX(Com_Scr!C:C,MATCH(Employee_Master!B:B,Com_Scr!B:B)) -> KATTANS CAFE L.L.C. - BRANCH | D99: - | E99: MUHAMMED FARSHAD THACHARTHODI MOIDEEN THACHARATHODI | F99: 131244879 | G99: 46290
A100: 99 | B100: C-014 | C100: =INDEX(Com_Scr!C:C,MATCH(Employee_Master!B:B,Com_Scr!B:B)) -> KATTANS CAFE L.L.C. - BRANCH | D100: - | E100: MUHAMMAD PERU VALLIKKARAKATH MUHAMMAD ASHRAF CHEEREN | F100: 134890182 | G100: 46392
A101: 100 | B101: C-014 | C101: =INDEX(Com_Scr!C:C,MATCH(Employee_Master!B:B,Com_Scr!B:B)) -> KATTANS CAFE L.L.C. - BRANCH | D101: 784198671693392 | E101: AJEESH KUMAR ALISAN SADASIVAN ALISAN | F101: 125923280 | G101: 46512 | H101: 46529 | K101: 132156493 | L101: 46318
A102: 101 | B102: C-014 | C102: =INDEX(Com_Scr!C:C,MATCH(Employee_Master!B:B,Com_Scr!B:B)) -> KATTANS CAFE L.L.C. - BRANCH | D102: 784200599448048 | E102: FIJAS ANTHIKKAD FAIZAL | F102: 116275886 | G102: 46222 | H102: 46234
A103: 102 | B103: C-014 | C103: =INDEX(Com_Scr!C:C,MATCH(Employee_Master!B:B,Com_Scr!B:B)) -> KATTANS CAFE L.L.C. - BRANCH | D103: 784199681251882 | E103: MUHAMED MUBARAK NADUBILAPATTU KADER NADUBIILAPATTU | F103: 132043136 | G103: 46681 | H103: 46695
A104: 103 | B104: C-014 | C104: =INDEX(Com_Scr!C:C,MATCH(Employee_Master!B:B,Com_Scr!B:B)) -> KATTANS CAFE L.L.C. - BRANCH | D104: 784198006858298 | E104: ABDULATHEEF CHATHERI YAHUTTY CHATHERI | F104: 129906240 | G104: 46619 | H104: 46632
A105: 104 | B105: C-014 | C105: =INDEX(Com_Scr!C:C,MATCH(Employee_Master!B:B,Com_Scr!B:B)) -> KATTANS CAFE L.L.C. - BRANCH | D105: 784196907269417 | E105: VEERAMANI AYYAVU AYYAVU | F105: 130604508 | G105: 46638 | H105: 46666 | J105: PART TIME
A106: 105 | B106: C-014 | C106: =INDEX(Com_Scr!C:C,MATCH(Employee_Master!B:B,Com_Scr!B:B)) -> KATTANS CAFE L.L.C. - BRANCH | D106: 784200293465231 | E106: NIBIL ARAFAN ALAPPARA NAZAR ALLAPPARA | F106: 115357213 | G106: 46191 | H106: 46210
A107: 106 | B107: C-014 | C107: =INDEX(Com_Scr!C:C,MATCH(Employee_Master!B:B,Com_Scr!B:B)) -> KATTANS CAFE L.L.C. - BRANCH | D107: 784198617684323 | E107: IBRAHIM KUTTY ALAMBATH ASSAINAR KUNIYIL | F107: 133872711 | G107: 46733 | H107: 46759
A108: 107 | B108: C-014 | C108: =INDEX(Com_Scr!C:C,MATCH(Employee_Master!B:B,Com_Scr!B:B)) -> KATTANS CAFE L.L.C. - BRANCH | D108: 784196969108727 | E108: MUHAMMED CHEKKINTAKATH CHERIYA ABDULLA PUTHIYA PURAYIL | F108: 121918692 | G108: 46401 | H108: 46410
A109: 108 | B109: C-014 | C109: =INDEX(Com_Scr!C:C,MATCH(Employee_Master!B:B,Com_Scr!B:B)) -> KATTANS CAFE L.L.C. - BRANCH | D109: 784198273327761 | E109: SHIJY THUNDATHIL CHANDRASHEKARAN THUNDATHIL KRISHNANKUTTY | F109: 134592393 | G109: 46773 | H109: 46788
A110: 109 | B110: C-014 | C110: =INDEX(Com_Scr!C:C,MATCH(Employee_Master!B:B,Com_Scr!B:B)) -> KATTANS CAFE L.L.C. - BRANCH | D110: 784200445917691 | E110: ARMAN ALAM MD NAZIM | F110: 134868134 | G110: 46761 | H110: 46779
A111: 110 | B111: C-014 | C111: =INDEX(Com_Scr!C:C,MATCH(Employee_Master!B:B,Com_Scr!B:B)) -> KATTANS CAFE L.L.C. - BRANCH | D111: 784198590665331 | E111: SAJEER KONTHOTH YOUSEF PARAMBATH | F111: 127126257 | G111: 46546 | H111: 46563
A112: 111 | B112: C-014 | C112: =INDEX(Com_Scr!C:C,MATCH(Employee_Master!B:B,Com_Scr!B:B)) -> KATTANS CAFE L.L.C. - BRANCH | D112: 784198516029505 | E112: SHAMEER NARIYANCODE ABOOBACKAR NARIYANCODE | F112: 115357976 | G112: 46191 | H112: 46210
A113: 112 | B113: C-014 | C113: =INDEX(Com_Scr!C:C,MATCH(Employee_Master!B:B,Com_Scr!B:B)) -> KATTANS CAFE L.L.C. - BRANCH | D113: 784199637425200 | E113: MD DANIS ANSARI MD AZAZIL HAQUE | F113: 133750134 | G113: 46707 | H113: 46725
...

Sheet Com_Scr
A1: Sl.No | B1: Company Code | C1: Company Name | D1: INDEX | E1: No of Employees
A2: 1 | B2: C-001 | C2: =INDEX(Company_Master!D:D,MATCH(B2,Company_Master!C:C,0)) -> DESERT WAVES CLEANING SERVICES - L.L.C - S.P.C | D2: DES WAV CLEANING | E2: =COUNTIF(Employee_Master!B:B,Com_Scr!B2) -> 19
A3: 2 | B3: C-002 | C3: =INDEX(Company_Master!D:D,MATCH(B3,Company_Master!C:C,0)) -> DESERT WAVES COMMERCIAL BROKERS - L.L.C - S.P.C | D3: DES WAV BROKER | E3: =COUNTIF(Employee_Master!B:B,Com_Scr!B3) -> 23
A4: 3 | B4: C-008 | C4: =INDEX(Company_Master!D:D,MATCH(B4,Company_Master!C:C,0)) -> DATTA GENERAL TRADING AND LABORATORY SUPPLIES - L.L.C - S.P.C | D4: DATTA TRADING | E4: =COUNTIF(Employee_Master!B:B,Com_Scr!B4) -> 4
A5: 4 | B5: C-009 | C5: =INDEX(Company_Master!D:D,MATCH(B5,Company_Master!C:C,0)) -> DATTA BUKHARI RESTAURANT - L.L.C - O.P.C | D5: DATTA BUKHARI | E5: =COUNTIF(Employee_Master!B:B,Com_Scr!B5) -> 7
A6: 39 | B6: C-010 | C6: =INDEX(Company_Master!D:D,MATCH(B6,Company_Master!C:C,0)) -> DATTA HUJWIRI RESTAURANT - L.L.C - S.P.C | E6: =COUNTIF(Employee_Master!B:B,Com_Scr!B6) -> 5
A7: 5 | B7: C-011 | C7: =INDEX(Company_Master!D:D,MATCH(B7,Company_Master!C:C,0)) -> ROYAL KATTANS KITCHEN - L.L.C | D7: DATTA | E7: =COUNTIF(Employee_Master!B:B,Com_Scr!B7) -> 13
A8: 6 | B8: C-012 | C8: =INDEX(Company_Master!D:D,MATCH(B8,Company_Master!C:C,0)) -> ROYAL KATTAN KITCHEN -L.L.C BRANCH | E8: =COUNTIF(Employee_Master!B:B,Com_Scr!B8) -> 7
A9: 7 | B9: C-013 | C9: =INDEX(Company_Master!D:D,MATCH(B9,Company_Master!C:C,0)) -> KATTANS CAFÉ L.L.C | E9: =COUNTIF(Employee_Master!B:B,Com_Scr!B9) -> 23
A10: 8 | B10: C-014 | C10: =INDEX(Company_Master!D:D,MATCH(B10,Company_Master!C:C,0)) -> KATTANS CAFE L.L.C. - BRANCH | E10: =COUNTIF(Employee_Master!B:B,Com_Scr!B10) -> 17
A11: 9 | B11: C-017 | C11: =INDEX(Company_Master!D:D,MATCH(B11,Company_Master!C:C,0)) -> WAY 2 WAY PASSENGER TRANSPORT BY RENTED BUSES - L.L.C - S.P.C | E11: =COUNTIF(Employee_Master!B:B,Com_Scr!B11) -> 18
A12: 10 | B12: C-018 | C12: =INDEX(Company_Master!D:D,MATCH(B12,Company_Master!C:C,0)) -> WAY 2 WAY TOURS AND SAFARI - L.L.C - S.P.C | E12: =COUNTIF(Employee_Master!B:B,Com_Scr!B12) -> 8
A13: 11 | B13: C-019 | C13: =INDEX(Company_Master!D:D,MATCH(B13,Company_Master!C:C,0)) -> EURO ARAB TOURISM - L.L.C - O.P.C | E13: =COUNTIF(Employee_Master!B:B,Com_Scr!B13) -> 15
A14: 12 | B14: C-020 | C14: =INDEX(Company_Master!D:D,MATCH(B14,Company_Master!C:C,0)) -> WADI RENTAL EQUIPMENT CONSTRUCTION - L.L.C - S.P.C | E14: =COUNTIF(Employee_Master!B:B,Com_Scr!B14) -> 7
A15: 13 | B15: C-021 | C15: =INDEX(Company_Master!D:D,MATCH(B15,Company_Master!C:C,0)) -> NEELAS LADIES BEAUTY SALOON - L.L.C - O.P.C | E15: =COUNTIF(Employee_Master!B:B,Com_Scr!B15) -> 4
A16: 14 | B16: C-022 | C16: =INDEX(Company_Master!D:D,MATCH(B16,Company_Master!C:C,0)) -> LE SIGNATURE MEATS - SOLE PROPRIETORSHIP L.L.C. | E16: =COUNTIF(Employee_Master!B:B,Com_Scr!B16) -> 2
A17: 15 | B17: C-023 | C17: =INDEX(Company_Master!D:D,MATCH(B17,Company_Master!C:C,0)) -> AKCELLENCE TRANSPORT PASSENGER BY BUS - L.L.C | E17: =COUNTIF(Employee_Master!B:B,Com_Scr!B17) -> 6
A18: 16 | B18: C-027 | C18: =INDEX(Company_Master!D:D,MATCH(B18,Company_Master!C:C,0)) -> TOP SEA FRESH FISH - L.L.C | E18: =COUNTIF(Employee_Master!B:B,Com_Scr!B18) -> 4
A19: 17 | B19: C-029 | C19: =INDEX(Company_Master!D:D,MATCH(B19,Company_Master!C:C,0)) -> T M GENERAL MAINTENANCE & PROPERTY - L.L.C - S.P.C | E19: =COUNTIF(Employee_Master!B:B,Com_Scr!B19) -> 5
... A42: 38 | B42: C-253 | C42: =INDEX(Company_Master!D:D,MATCH(B42,Company_Master!C:C,0)) -> SABIR C-O | E42: =COUNTIF(Employee_Master!B:B,Com_Scr!B42) -> 0
B44: 0
E45: =SUM(E2:E42) -> 380

Sheet Marketing List
A1: NOOR AL HUDA TYPING & PHOTOCOPYING SERVICES
A2: SL.No | B2: Company Name | C2: Representitive Name | D2: Contact No
A3: 1 | B3: Al Bakht Curtain | C3: Shaad | D3: 523202606
